Workbook

Sheet NZ Sports Data Tracker
A1: 🇳🇿 New Zealand Sports Data Sources — Integration Tracker (Updated: missing datasets added)
A2: 🔴 Red rows = Blocked | 🟡 Yellow = Status mismatch / incomplete | 🟠 Orange = Missing dataset (newly added) | 🟢 Green = Completed
A3: # | B3: Source Name | C3: Category | D3: Sport / Domain | E3: Access Type | F3: URL / Endpoint | G3: Cost | H3: Status | I3: Priority | J3: Assigned To | K3: Date Started | L3: Date Completed | M3: Notes | N3: Data Format | O3: Action / Fix
A4: 1 | B4: Active NZ Survey — Excel data tables (2017–2024) | C4: Participation | D4: Sport NZ | E4: Excel Download | F4: https://sportnz.org.nz/research-and-insights/surveys-and-data/active-nz/ | G4: Free | H4: ⚠ Incomplete | I4: High | M4: Gone through the page but the actual Excel files have NOT been downloaded or loaded into DB yet. | N4: Excel (.xlsx) | O4: Download all year tabs (2017–2024) from the page → load into pipeline as source tables
A5: 2 | B5: Active NZ Participation Trends 2017–2023 (PDF + Excel tables) | C5: Participation | D5: Sport NZ | E5: Excel Download | F5: https://sportnz.org.nz/media/lupchbdk/active-nz-participation-trends-2017-2023_july-2024.pdf | G5: Free | H5: Completed | I5: High | M5: Downloaded. PDF has bar charts; companion Excel has raw tables. | N5: PDF + Excel | O5: Extract data tables from Excel companion file into DB
A6: 3 | B6: Sport NZ Insights Tool (Power BI dashboard) | C6: Participation | D6: Sport NZ | E6: Browser (Power BI) | F6: https://sportnz.org.nz/resources/data-visualisation-tool/ | G6: Free | H6: Completed | I6: Medium | M6: Gone through all views. Stored relevant metrics in DB. | N6: Power BI embed | O6: Use as reference benchmark — compare your outputs to this dashboard
A7: 4 | B7: Voice of Participant Survey | C7: Participation | D7: Sport NZ | E7: Excel Download | F7: https://sportnz.org.nz/research-and-insights/surveys-and-data/voice-of-participant/ | G7: Free | H7: Blocked | I7: Medium | M7: 404 Page not found on old URL. | N7: Excel (.xlsx) | O7: Try: https://sportnz.org.nz/research-and-insights/surveys-and-data/ and look under 'Voice of Participant'. Page may have been restructured.
A8: 5 | B8: Voice of Rangatahi Survey (youth / schools) | C8: Participation | D8: Sport NZ | E8: Excel Download | F8: https://sportnz.org.nz/research-and-insights/surveys-and-data/voice-of-rangatahi/ | G8: Free | H8: Blocked | I8: Medium | M8: 404 Page not found on old URL. | N8: Excel (.xlsx) | O8: Try: https://sportnz.org.nz/research-and-insights/surveys-and-data/ — look under 'Youth' or email activenz@sportnz.org.nz to request the Excel directly.
A9: 6 | B9: data.govt.nz — CKAN API | C9: Govt Open Data | D9: Government NZ | E9: REST API | F9: https://data.govt.nz/api/3/action/package_search?q=sport | G9: Free | H9: Blocked | I9: High | M9: 404 on current URL — CKAN endpoint has moved. | N9: JSON | O9: Use correct endpoint: https://catalogue.data.govt.nz/api/3/action/package_search?q=sport (note: 'catalogue' subdomain)
A10: 7 | B10: Stats NZ — Cultural & Recreational Activities | C10: Govt Open Data | D10: Government NZ | E10: REST API + CSV | F10: https://api.stats.govt.nz/opendata/v1/Infoshare | G10: Free | H10: Blocked | I10: High | M10: 502 Bad Gateway. The Infoshare REST API requires a free API key registration. | N10: JSON / CSV | O10: Register at: https://api.stats.govt.nz — get free key → use https://api.stats.govt.nz/opendata/v1/Infoshare?subject=Sport. Alternatively use https://infoshare.stats.govt.nz/ for direct browser download.
A11: 8 | B11: Stats NZ Infoshare API | C11: Govt Open Data | D11: Government NZ | E11: REST API | F11: https://api.stats.govt.nz/opendata/v1/Infoshare | G11: Free (API key) | H11: Blocked | I11: High | M11: 502 Bad Gateway. API key missing — free registration required first. | N11: JSON | O11: Same fix as above — register at api.stats.govt.nz for free key. Then test: GET /opendata/v1/Infoshare with Authorization header.
A12: 9 | B12: Figure.NZ — NZ sport & recreation charts | C12: Govt Open Data | D12: Government NZ | E12: CSV Download | F12: https://figure.nz | G12: Free | H12: Completed | I12: Medium | M12: Downloaded a large amount of data. | N12: CSV | O12: Catalogue which Figure.NZ charts were downloaded — note dataset names and topics covered for pipeline mapping.
A13: 10 | B13: Ministry of Health — Physical activity data | C13: Govt Open Data | D13: Government NZ | E13: Excel Download | F13: https://www.health.govt.nz/nz-health-statistics/health-statistics-and-data-sets/physical-activity-data-and-stats | G13: Free | H13: Completed | I13: Medium | M13: Downloaded Excel and CSV files. | N13: Excel (.xlsx) | O13: Load into DB. Check you have: obesity rates, sedentary behaviour, % meeting activity guidelines — all by region/ethnicity.
A14: 11 | B14: World Rugby API — All Blacks results & rankings | C14: Rugby | D14: All Blacks / Rugby | E14: REST API | F14: https://api.worldrugby.org/v1/teams/1151/results | G14: Free tier | H14: Blocked | I14: High | M14: Site not found on this endpoint URL. | N14: JSON | O14: Register at: https://developer.world.rugby — free tier available. Alternatively scrape from: https://www.espn.com/rugby/team/results/_/id/133 (All Blacks on ESPN)
A15: 12 | B15: ESPN / Opta — Super Rugby Pacific stats (scrape) | C15: Rugby | D15: Super Rugby | E15: Web Scrape | F15: https://www.espn.com/rugby/standings/_/league/270557 | G15: Free | H15: Completed | I15: Medium | M15: HTML page scraped. Normal standings data visible. | N15: HTML / pandas | O15: Parse with pandas.read_html() — extract team, played, won, lost, points. Also scrape fixtures page for match results.
... A30: 27 | B30: 🆕 Ministry of Education — Student Enrolments by Ethnicity | C30: Schools | D30: NZ Schools | E30: CSV Download | F30: https://www.educationcounts.govt.nz/statistics/schooling/student-numbers | G30: Free | H30: Not Started | I30: High | M30: NOT IN ORIGINAL TRACKER. Student counts by school, year level, and ethnicity — needed to contextualise school sport participation data by demographic. | N30: CSV | O30: educationcounts.govt.nz → Statistics → Schooling → Student Numbers → download 'School roll by ethnicity' CSV. Updated annually.

Sheet ⚠ Missing Datasets
A1: ⚠ Datasets Missing From Your Original Tracker — Act on These First
A2: These 7 datasets were identified as required by the Sport NZ Insights Tool but were not in your original tracker. All are FREE.
A3: # | B3: Dataset | C3: Why It's Critical | D3: Where to Get It | E3: Format | F3: Priority
A4: 1 | B4: Active NZ Excel — actual data NOT yet downloaded | C4: Marked Completed in tracker but notes say 'not downloaded yet'. The 7 years of participation data are the CORE of the Insights Tool. | D4: sportnz.org.nz → Research → Active NZ → download all year Excel tabs (2017, 2018, 2019, 2021, 2022, 2023, 2024/25) | E4: Excel (.xlsx) | F4: 🔴 Critical
A5: 2 | B5: NZDep2018 Deprivation Index by meshblock | C5: The Insights Tool filters ALL data by deprivation quintile. Without this you can't replicate the equity analysis. | D5: otago.ac.nz/wellington/departments/publichealth/research/hirp/otago020194.html — free Excel download | E5: Excel (.xlsx) | F5: 🔴 Critical
A6: 3 | B6: Active NZ small-area modelled estimates (TA level) | C6: The Tool shows participation data at local TA level — this is only possible with modelled small-area estimates, not raw survey data. | D6: Email activenz@sportnz.org.nz requesting modelled TA-level estimates — free for sector partners | E6: Excel (.xlsx) | F6: 🔴 Critical
A7: 4 | B7: MoH NZ Health Survey — Sedentary Behaviour & BMI tables | C7: MoH physical activity data was downloaded but the Health layer also needs obesity/BMI and sedentary behaviour tables (separate files). | D7: health.govt.nz → NZ Health Survey Annual Data Explorer → download Sedentary behaviour + Overweight/obese tables | E7: Excel (.xlsx) | F7: 🟠 High
A8: 5 | B8: Nielsen Research — Sport/Recreation Attitudes | C8: Restricted sector data visible inside Insights Tool after free 30-min SportTutor training. Covers motivations and barriers. | D8: sporttutor.nz — complete free 30-min module to unlock restricted tier of Insights Tool | E8: Power BI | F8: 🟡 Medium
A9: 6 | B9: School Sport NZ Census | C9: The Schools layer of the Tool is powered by this census. Without it you cannot replicate the schools participation view. | D9: schoolsport.nz — contact directly for data access, or check sportnz.org.nz/research-and-insights | E9: Excel (.xlsx) | F9: 🔴 Critical
A10: 7 | B10: Ministry of Education — School Directory + Student Enrolments | C10: Need school name/type/region/decile to join sport census data to geography. Enrolments give ethnic demographic context per school. | D10: educationcounts.govt.nz → Statistics → Schooling → download School Directory CSV and Student Numbers CSV | E10: CSV | F10: 🔴 Critical

Sheet Summary Dashboard
A1: NZ Sports Data — Progress Summary (auto-calculated)
A2: Update statuses in the Tracker sheet — this dashboard refreshes automatically.
A4: Metric | B4: Count | C4: % of Total
A5: Total Sources | B5: =COUNTA('NZ Sports Data Tracker'!B4:B30) -> 27
A6: ✅ Completed | B6: =COUNTIF('NZ Sports Data Tracker'!H4:H30,"Completed") -> 5 | C6: =B6/B5 -> 0.18518519
A7: ⏳ In Progress | B7: =COUNTIF('NZ Sports Data Tracker'!H4:H30,"In Progress") -> 0 | C7: =B7/B5 -> 0
A8: 🔲 Not Started | B8: =COUNTIF('NZ Sports Data Tracker'!H4:H30,"Not Started") -> 8 | C8: =B8/B5 -> 0.2962963
A9: 🚫 Blocked | B9: =COUNTIF('NZ Sports Data Tracker'!H4:H30,"Blocked") -> 13 | C9: =B9/B5 -> 0.48148148
A10: ⚠ Incomplete | B10: =COUNTIF('NZ Sports Data Tracker'!H4:H30,"⚠ Incomplete") -> 1 | C10: =B10/B5 -> 0.037037037
A11: 🆕 New (needs action) | B11: =COUNTIF('NZ Sports Data Tracker'!B4:B30,"🆕 *") -> 7 | C11: =B11/B5 -> 0.25925926
A13: Breakdown by Category
A14: Category | B14: Total | C14: Completed | D14: In Progress | E14: Not Started | F14: Blocked | G14: ⚠ Incomplete | H14: % Done
A15: Participation | B15: =COUNTIF('NZ Sports Data Tracker'!C4:C30,"Participation") -> 6 | C15: =COUNTIFS('NZ Sports Data Tracker'!C4:C30,"Participation",'NZ Sports Data Tracker'!H4:H30,"Completed") -> 2 | D15: =COUNTIFS('NZ Sports Data Tracker'!C4:C30,"Participation",'NZ Sports Data Tracker'!H4:H30,"In Progress") -> 0 | E15: =COUNTIFS('NZ Sports Data Tracker'!C4:C30,"Participation",'NZ Sports Data Tracker'!H4:H30,"Not Started") -> 1 | F15: =COUNTIFS('NZ Sports Data Tracker'!C4:C30,"Participation",'NZ Sports Data Tracker'!H4:H30,"Blocked") -> 2 | G15: =COUNTIFS('NZ Sports Data Tracker'!C4:C30,"Participation",'NZ Sports Data Tracker'!H4:H30,"⚠ Incomplete") -> 1 | H15: =IF(B15=0,"-",C15/B15) -> 0.33333333
A16: Govt Open Data | B16: =COUNTIF('NZ Sports Data Tracker'!C4:C30,"Govt Open Data") -> 8 | C16: =COUNTIFS('NZ Sports Data Tracker'!C4:C30,"Govt Open Data",'NZ Sports Data Tracker'!H4:H30,"Completed") -> 2 | D16: =COUNTIFS('NZ Sports Data Tracker'!C4:C30,"Govt Open Data",'NZ Sports Data Tracker'!H4:H30,"In Progress") -> 0 | E16: =COUNTIFS('NZ Sports Data Tracker'!C4:C30,"Govt Open Data",'NZ Sports Data Tracker'!H4:H30,"Not Started") -> 3 | F16: =COUNTIFS('NZ Sports Data Tracker'!C4:C30,"Govt Open Data",'NZ Sports Data Tracker'!H4:H30,"Blocked") -> 3 | G16: =COUNTIFS('NZ Sports Data Tracker'!C4:C30,"Govt Open Data",'NZ Sports Data Tracker'!H4:H30,"⚠ Incomplete") -> 0 | H16: =IF(B16=0,"-",C16/B16) -> 0.25
A17: Rugby | B17: =COUNTIF('NZ Sports Data Tracker'!C4:C30,"Rugby") -> 4 | C17: =COUNTIFS('NZ Sports Data Tracker'!C4:C30,"Rugby",'NZ Sports Data Tracker'!H4:H30,"Completed") -> 1 | D17: =COUNTIFS('NZ Sports Data Tracker'!C4:C30,"Rugby",'NZ Sports Data Tracker'!H4:H30,"In Progress") -> 0 | E17: =COUNTIFS('NZ Sports Data Tracker'!C4:C30,"Rugby",'NZ Sports Data Tracker'!H4:H30,"Not Started") -> 1 | F17: =COUNTIFS('NZ Sports Data Tracker'!C4:C30,"Rugby",'NZ Sports Data Tracker'!H4:H30,"Blocked") -> 2 | G17: =COUNTIFS('NZ Sports Data Tracker'!C4:C30,"Rugby",'NZ Sports Data Tracker'!H4:H30,"⚠ Incomplete") -> 0 | H17: =IF(B17=0,"-",C17/B17) -> 0.25
A18: Cricket | B18: =COUNTIF('NZ Sports Data Tracker'!C4:C30,"Cricket") -> 3 | C18: =COUNTIFS('NZ Sports Data Tracker'!C4:C30,"Cricket",'NZ Sports Data Tracker'!H4:H30,"Completed") -> 0 | D18: =COUNTIFS('NZ Sports Data Tracker'!C4:C30,"Cricket",'NZ Sports Data Tracker'!H4:H30,"In Progress") -> 0 | E18: =COUNTIFS('NZ Sports Data Tracker'!C4:C30,"Cricket",'NZ Sports Data Tracker'!H4:H30,"Not Started") -> 0 | F18: =COUNTIFS('NZ Sports Data Tracker'!C4:C30,"Cricket",'NZ Sports Data Tracker'!H4:H30,"Blocked") -> 3 | G18: =COUNTIFS('NZ Sports Data Tracker'!C4:C30,"Cricket",'NZ Sports Data Tracker'!H4:H30,"⚠ Incomplete") -> 0 | H18: =IF(B18=0,"-",C18/B18) -> 0
A19: Football | B19: =COUNTIF('NZ Sports Data Tracker'!C4:C30,"Football") -> 3 | C19: =COUNTIFS('NZ Sports Data Tracker'!C4:C30,"Football",'NZ Sports Data Tracker'!H4:H30,"Completed") -> 0 | D19: =COUNTIFS('NZ Sports Data Tracker'!C4:C30,"Football",'NZ Sports Data Tracker'!H4:H30,"In Progress") -> 0 | E19: =COUNTIFS('NZ Sports Data Tracker'!C4:C30,"Football",'NZ Sports Data Tracker'!H4:H30,"Not Started") -> 0 | F19: =COUNTIFS('NZ Sports Data Tracker'!C4:C30,"Football",'NZ Sports Data Tracker'!H4:H30,"Blocked") -> 3 | G19: =COUNTIFS('NZ Sports Data Tracker'!C4:C30,"Football",'NZ Sports Data Tracker'!H4:H30,"⚠ Incomplete") -> 0 | H19: =IF(B19=0,"-",C19/B19) -> 0
A20: Schools | B20: =COUNTIF('NZ Sports Data Tracker'!C4:C30,"Schools") -> 3 | C20: =COUNTIFS('NZ Sports Data Tracker'!C4:C30,"Schools",'NZ Sports Data Tracker'!H4:H30,"Completed") -> 0 | D20: =COUNTIFS('NZ Sports Data Tracker'!C4:C30,"Schools",'NZ Sports Data Tracker'!H4:H30,"In Progress") -> 0 | E20: =COUNTIFS('NZ Sports Data Tracker'!C4:C30,"Schools",'NZ Sports Data Tracker'!H4:H30,"Not Started") -> 3 | F20: =COUNTIFS('NZ Sports Data Tracker'!C4:C30,"Schools",'NZ Sports Data Tracker'!H4:H30,"Blocked") -> 0 | G20: =COUNTIFS('NZ Sports Data Tracker'!C4:C30,"Schools",'NZ Sports Data Tracker'!H4:H30,"⚠ Incomplete") -> 0 | H20: =IF(B20=0,"-",C20/B20) -> 0

Sheet Legend & Instructions
A1: How to use this tracker
A3: STATUS VALUES
A4: Completed | B4: Data fully downloaded, cleaned, and loaded into your pipeline/DB
A5: In Progress | B5: Currently accessing, downloading, or integrating this source
A6: Not Started | B6: Haven't started yet — still to do
A7: Blocked | B7: Something preventing progress — check 'Action / Fix' column
A8: ⚠ Incomplete | B8: Status was marked Complete but notes show it's actually not fully done
A10: PRIORITY VALUES
A11: High | B11: Core dataset — needed to replicate the Sport NZ Insights Tool
A12: Medium | B12: Useful supplement — adds depth once high-priority items are done
A13: Low | B13: Nice to have — explore after everything else is in place
A15: CATEGORY COLOUR CODES
A16: Participation | B16: Sport NZ Active NZ survey & participation data
A17: Govt Open Data | B17: data.govt.nz, Stats NZ, Ministry of Health
A18: Rugby | B18: All Blacks, Super Rugby, provincial rugby
A19: Cricket | B19: NZ Black Caps, Super Smash, Plunket Shield
A20: Football | B20: All Whites, Football Ferns, Wellington Phoenix, NZ domestic
A21: Schools | B21: MoE school data, School Sport NZ Census — NEW category added
