Workbook

Sheet NZ Sports Data Tracker
A1: 🇳🇿 New Zealand Sports Data Sources — Integration Tracker
A2: Track API integrations, Excel downloads and data pipeline completion status for NZ sports analytics project
A3: # | B3: Source Name | C3: Category | D3: Sport / Domain | E3: Access Type | F3: URL / Endpoint | G3: Cost | H3: Status | I3: Priority | J3: Assigned To | K3: Date Started | L3: Date Completed | M3: Notes | N3: Data Format
A4: 1 | B4: Active NZ Survey — Excel data tables (2017–2024) | C4: Participation | D4: Sport NZ | E4: Excel Download | F4: https://sportnz.org.nz/research-and-insights/surveys-and-data/active-nz/ | G4: Free | H4: Completed | I4: High | K4: 46175 | M4: This contain Active NZ Servey, Participaction pdf and excels but we have not downloaded it yet | N4: Excel (.xlsx)
A5: 2 | B5: Active NZ Participation Trends 2017–2023 (PDF + Excel tables) | C5: Participation | D5: Sport NZ | E5: Excel Download | F5: https://sportnz.org.nz/media/lupchbdk/active-nz-participation-trends-2017-2023_july-2024.pdf | G5: Free | H5: Completed | I5: High | K5: 46175 | M5: same pdf format and it have bar graph and all | N5: PDF + Excel
A6: 3 | B6: Sport NZ Insights Tool (Power BI dashboard) | C6: Participation | D6: Sport NZ | E6: Browser (Power BI) | F6: https://sportnz.org.nz/resources/data-visualisation-tool/ | G6: Free | H6: Completed | I6: Medium | K6: 46175 | M6: we have gone through all this above and stored that in db also | N6: Power BI embed
A7: 4 | B7: Voice of Participant Survey | C7: Participation | D7: Sport NZ | E7: Excel Download | F7: https://sportnz.org.nz/research-and-insights/surveys-and-data/voice-of-participant/ | G7: Free | H7: Completed | I7: Medium | K7: 46175 | M7: 404 Page not found | N7: Excel (.xlsx)
A8: 5 | B8: Voice of Rangatahi Survey (youth / schools) | C8: Participation | D8: Sport NZ | E8: Excel Download | F8: https://sportnz.org.nz/research-and-insights/surveys-and-data/voice-of-rangatahi/ | G8: Free | H8: Blocked | I8: Medium | K8: 46175 | M8: 404 Page not found | N8: Excel (.xlsx)
A9: 6 | B9: data.govt.nz — CKAN API | C9: Govt Open Data | D9: Government NZ | E9: REST API | F9: https://data.govt.nz/api/3/action/package_search?q=sport | G9: Free | H9: Blocked | I9: High | K9: 46175 | M9: 404 Page not found | N9: JSON
A10: 7 | B10: Stats NZ — Cultural & Recreational Activities | C10: Govt Open Data | D10: Government NZ | E10: REST API + CSV | F10: https://api.stats.govt.nz/opendata/v1/Infoshare | G10: Free | H10: Blocked | I10: High | K10: 46175 | M10: 502 bad gateway | N10: JSON / CSV
A11: 8 | B11: Stats NZ Infoshare API | C11: Govt Open Data | D11: Government NZ | E11: REST API | F11: https://api.stats.govt.nz/opendata/v1/Infoshare | G11: Free (API key) | H11: Blocked | I11: High | K11: 46175 | M11: 502 | N11: JSON
A12: 9 | B12: Figure.NZ — NZ sport & recreation charts | C12: Govt Open Data | D12: Government NZ | E12: CSV Download | F12: https://figure.nz | G12: Free | H12: Completed | I12: Medium | K12: 46175 | L12: 46176 | M12: downloaded hug amount of data | N12: CSV
A13: 10 | B13: Ministry of Health — Physical activity data | C13: Govt Open Data | D13: Government NZ | E13: Excel Download | F13: https://www.health.govt.nz/nz-health-statistics/health-statistics-and-data-sets/physical-activity-data-and-stats | G13: Free | H13: Completed | I13: Medium | K13: 46176 | L13: 46177 | M13: downloaded excel and csv | N13: Excel (.xlsx)
A14: 11 | B14: World Rugby API (official) — All Blacks results & rankings | C14: Rugby | D14: All Blacks / Rugby | E14: REST API | F14: https://api.worldrugby.org/v1/teams/1151/results | G14: Free tier | H14: Blocked | I14: High | K14: 46177 | L14: 46177 | M14: Site not found | N14: JSON
A15: 12 | B15: ESPN / Opta — Super Rugby Pacific stats (scrape) | C15: Rugby | D15: Super Rugby | E15: Web Scrape | F15: https://www.espn.com/rugby/standings/_/league/270557 | G15: Free | H15: Completed | I15: Medium | K15: 46177 | L15: 46177 | M15: Just have html page and it shows normal data | N15: HTML / pandas
A16: 13 | B16: Rugby Reference — All Blacks historical test data | C16: Rugby | D16: All Blacks | E16: Web Scrape | F16: https://www.rugbyreference.com/national-teams/new-zealand | G16: Free | H16: Blocked | I16: Medium | K16: 46177 | L16: 46177 | M16: this site can't be reached | N16: HTML / pandas
A17: 14 | B17: Opta / Statsperform — Official NZR data partner | C17: Rugby | D17: All Blacks / Super Rugby | E17: Enterprise API | F17: https://www.statsperform.com | G17: Paid | H17: Blocked | I17: Low | K17: 46177 | L17: 46177 | N17: JSON (enterprise)
A18: 15 | B18: ESPNcricinfo Statsguru — NZ Black Caps (cricketdata Python lib) | C18: Cricket | D18: Black Caps | E18: Python Library + Scrape | F18: https://stats.espncricinfo.com/ci/engine/stats/index.html | G18: Free | H18: Blocked | I18: High | K18: 46177 | L18: 46177 | M18: Not able to find any kind of excel related to NZ or any other country | N18: CSV / DataFrame
A19: 16 | B19: CricAPI via RapidAPI — live NZ cricket | C19: Cricket | D19: Black Caps | E19: REST API | F19: https://rapidapi.com/cricketapilive/api/cricbuzz-cricket | G19: Free tier (100/day) | H19: Blocked | I19: High | K19: 46177 | L19: 46177 | M19: Not able to find any kind of excel related to NZ or any other country or any free api from which we can go with | N19: JSON
A20: 17 | B20: NZ Cricket official site — fixtures & squads (scrape) | C20: Cricket | D20: Black Caps / Domestic | E20: Web Scrape | F20: https://www.nzc.nz/black-caps/matches | G20: Free | H20: Blocked | I20: Medium | K20: 46177 | L20: 46177 | M20: nothing just a static web page | N20: HTML / BeautifulSoup
A21: 18 | B21: OFC / football-data.org — All Whites & Football Ferns | C21: Football | D21: All Whites / Football Ferns | E21: REST API | F21: https://api.football-data.org/v4/teams/73/matches | G21: Free | H21: Blocked | I21: Medium | K21: 46177 | L21: 46177 | M21: The resource you are looking for is restricted and apparently not within your permissions. Please check your subscription. | N21: JSON
A22: 19 | B22: NZ Football National League (scrape) | C22: Football | D22: NZ domestic | E22: Web Scrape | F22: https://www.nzfootball.co.nz/competitions | G22: Free | H22: Blocked | I22: Low | K22: 46177 | L22: 46177 | N22: HTML / pandas
A23: 20 | B23: Wellington Phoenix — API-Football (A-League) | C23: Football | D23: Wellington Phoenix | E23: REST API | F23: https://v3.football.api-sports.io/fixtures?league=188&team=1006 | G23: Free tier | H23: Blocked | I23: Medium | K23: 46177 | L23: 46177 | N23: JSON
A24: 21 | B24: Active NZ Survey 2024/25 (Latest Release) | C24: Participation | D24: Sport NZ | E24: Excel Download | F24: https://sportnz.org.nz/resources/active-nz-survey-202425/ | G24: Free | H24: Completed | I24: High | M24: downloaded | N24: Excel (.xlsx) + PDF
A25: 22 | B25: Voice of Rangatahi Survey 2023 | C25: Participation | D25: Sport NZ / Youth | E25: Excel Download | F25: https://sportnz.org.nz/research-and-insights/surveys-and-data/voice-of-rangatahi/ | G25: Free | H25: Completed | I25: Medium | M25: 404 | N25: PDF + Excel
A26: 23 | B26: Voice of Participant Survey (Club Members) | C26: Participation | D26: Sport NZ / Clubs | E26: Excel Download | F26: https://sportnz.org.nz/research-and-insights/surveys-and-data/voice-of-participant/ | G26: Free | H26: Completed | I26: Medium | M26: 404 | N26: Excel (.xlsx)
A27: 24 | B27: School Sport NZ — Annual Census (2000–2024) | C27: School Sport | D27: Secondary School Sport | E27: PDF + Excel Download | F27: https://www.schoolsportnz.org.nz/Education/school-sport-nz-census-reports | G27: Free | H27: Completed | I27: High | M27: done | N27: PDF + Excel
A28: 25 | B28: MCH — Sport & Recreation Industry Profile 2024 (Infometrics) | C28: Govt Open Data | D28: Government NZ | E28: PDF Download | F28: https://www.mch.govt.nz/sites/default/files/2025-03/sport-and-recreation-industry-profile-2024.pdf | G28: Free | H28: Completed | I28: High | M28: done | N28: PDF (tables extractable)
A29: 26 | B29: Stats NZ — 2023 Census Data (Sport/Recreation filter) | C29: Govt Open Data | D29: Government NZ | E29: REST API + CSV | F29: https://www.stats.govt.nz/topics/census/ | G29: Free | H29: Completed | I29: High | M29: nothing available | N29: Excel / CSV
A30: 27 | B30: Stats NZ — Wellbeing Data (100 Indicators) | C30: Govt Open Data | D30: Government NZ | E30: CSV Download | F30: https://www.stats.govt.nz/indicators/wellbeing-statistics/ | G30: Free | H30: Completed | I30: Medium | M30: nothing available | N30: CSV / Excel
A31: 28 | B31: ACC — Sport Injury Claims Data (Sportwise) | C31: Health/Research | D31: Cross-sport NZ | E31: CSV Download | F31: https://www.acc.co.nz/sportwise | G31: Free | H31: Completed | I31: Medium | M31: nothing available | N31: CSV / Excel
A32: 29 | B32: Sport & Recreation Knowledge Library (srknowledge.org.nz) | C32: Health/Research | D32: Sport NZ | E32: Web Search / PDF | F32: https://www.srknowledge.org.nz/ | G32: Free | H32: Completed | I32: Medium | M32: nothing available | N32: PDF / Reports
A33: 30 | B33: AUT Statistical Data Guide — Sport & Recreation | C33: Health/Research | D33: Cross-sport NZ | E33: Web (Discovery Hub) | F33: https://aut.ac.nz.libguides.com/find_statistical_data/sport_and_rec | G33: Free | H33: Completed | I33: Low | M33: Downloaded pdf and excels tried to read medallion architecture | N33: Various (links hub)
A34: 31 | B34: NZ Cricket — Annual Reports & Statistics | C34: Cricket | D34: Black Caps / Domestic | E34: PDF Download | F34: https://www.nzc.nz/about/annual-reports | G34: Free | H34: Blocked | I34: Medium | M34: 404 | N34: PDF (tables)
A35: 32 | B35: NZ Rugby (NZR) — Official Stats & Reports | C35: Rugby | D35: All Blacks / NZ Rugby | E35: Web Scrape / PDF | F35: https://www.nzrugby.co.nz | G35: Free | H35: Blocked | I35: Medium | M35: NO data found in that | N35: PDF / HTML
A36: 33 | B36: Paralympics New Zealand — Disability Sport Data | C36: Participation | D36: Disability Sport NZ | E36: PDF Download | F36: https://www.paralympics.org.nz | G36: Free | H36: Blocked | I36: Low | M36: NO data found in that | N36: PDF / Reports
A37: 34 | B37: Knowledge Auckland — Sport & Recreation Reports | C37: Govt Open Data | D37: Auckland Region | E37: PDF Download | F37: https://www.knowledgeauckland.org.nz | G37: Free | H37: Blocked | I37: Low | M37: NO data found in that | N37: PDF / Excel

Sheet Summary Dashboard
A1: NZ Sports Data — Progress Summary
A2: Auto-calculated from the Tracker sheet. Change statuses there — this sheet updates automatically.
A4: Metric | B4: Count | C4: % of Total
A5: Total Sources | B5: =COUNTA('NZ Sports Data Tracker'!B4:B23) -> 20
A6: ✅ Completed | B6: =K9 -> 0 | C6: =B6/B5 -> 0
A7: ⏳ In Progress | B7: =COUNTIF('NZ Sports Data Tracker'!H4:H23,"In Progress") -> 0 | C7: =B7/B5 -> 0
A8: 🔲 Not Started | B8: =COUNTIF('NZ Sports Data Tracker'!H4:H23,"Not Started") -> 0 | C8: =B8/B5 -> 0
A9: 🚫 Blocked | B9: =COUNTIF('NZ Sports Data Tracker'!H4:H23,"Blocked") -> 13 | C9: =B9/B5 -> 0.65
A11: Breakdown by Category
A12: Category | B12: Total | C12: Completed | D12: In Progress | E12: Not Started | F12: Blocked | G12: % Done
A13: Participation | B13: =COUNTIF('NZ Sports Data Tracker'!C4:C23,"Participation") -> 5 | C13: =COUNTIFS('NZ Sports Data Tracker'!C4:C23,"Participation",'NZ Sports Data Tracker'!H4:H23,"Completed") -> 4 | D13: =COUNTIFS('NZ Sports Data Tracker'!C4:C23,"Participation",'NZ Sports Data Tracker'!H4:H23,"In Progress") -> 0 | E13: =COUNTIFS('NZ Sports Data Tracker'!C4:C23,"Participation",'NZ Sports Data Tracker'!H4:H23,"Not Started") -> 0 | F13: =COUNTIFS('NZ Sports Data Tracker'!C4:C23,"Participation",'NZ Sports Data Tracker'!H4:H23,"Blocked") -> 1 | G13: =IF(B13=0,"-",C13/B13) -> 0.8
A14: Govt Open Data | B14: =COUNTIF('NZ Sports Data Tracker'!C4:C23,"Govt Open Data") -> 5 | C14: =COUNTIFS('NZ Sports Data Tracker'!C4:C23,"Govt Open Data",'NZ Sports Data Tracker'!H4:H23,"Completed") -> 2 | D14: =COUNTIFS('NZ Sports Data Tracker'!C4:C23,"Govt Open Data",'NZ Sports Data Tracker'!H4:H23,"In Progress") -> 0 | E14: =COUNTIFS('NZ Sports Data Tracker'!C4:C23,"Govt Open Data",'NZ Sports Data Tracker'!H4:H23,"Not Started") -> 0 | F14: =COUNTIFS('NZ Sports Data Tracker'!C4:C23,"Govt Open Data",'NZ Sports Data Tracker'!H4:H23,"Blocked") -> 3 | G14: =IF(B14=0,"-",C14/B14) -> 0.4
A15: Rugby | B15: =COUNTIF('NZ Sports Data Tracker'!C4:C23,"Rugby") -> 4 | C15: =COUNTIFS('NZ Sports Data Tracker'!C4:C23,"Rugby",'NZ Sports Data Tracker'!H4:H23,"Completed") -> 1 | D15: =COUNTIFS('NZ Sports Data Tracker'!C4:C23,"Rugby",'NZ Sports Data Tracker'!H4:H23,"In Progress") -> 0 | E15: =COUNTIFS('NZ Sports Data Tracker'!C4:C23,"Rugby",'NZ Sports Data Tracker'!H4:H23,"Not Started") -> 0 | F15: =COUNTIFS('NZ Sports Data Tracker'!C4:C23,"Rugby",'NZ Sports Data Tracker'!H4:H23,"Blocked") -> 3 | G15: =IF(B15=0,"-",C15/B15) -> 0.25
A16: Cricket | B16: =COUNTIF('NZ Sports Data Tracker'!C4:C23,"Cricket") -> 3 | C16: =COUNTIFS('NZ Sports Data Tracker'!C4:C23,"Cricket",'NZ Sports Data Tracker'!H4:H23,"Completed") -> 0 | D16: =COUNTIFS('NZ Sports Data Tracker'!C4:C23,"Cricket",'NZ Sports Data Tracker'!H4:H23,"In Progress") -> 0 | E16: =COUNTIFS('NZ Sports Data Tracker'!C4:C23,"Cricket",'NZ Sports Data Tracker'!H4:H23,"Not Started") -> 0 | F16: =COUNTIFS('NZ Sports Data Tracker'!C4:C23,"Cricket",'NZ Sports Data Tracker'!H4:H23,"Blocked") -> 3 | G16: =IF(B16=0,"-",C16/B16) -> 0
A17: Football | B17: =COUNTIF('NZ Sports Data Tracker'!C4:C23,"Football") -> 3 | C17: =COUNTIFS('NZ Sports Data Tracker'!C4:C23,"Football",'NZ Sports Data Tracker'!H4:H23,"Completed") -> 0 | D17: =COUNTIFS('NZ Sports Data Tracker'!C4:C23,"Football",'NZ Sports Data Tracker'!H4:H23,"In Progress") -> 0 | E17: =COUNTIFS('NZ Sports Data Tracker'!C4:C23,"Football",'NZ Sports Data Tracker'!H4:H23,"Not Started") -> 0 | F17: =COUNTIFS('NZ Sports Data Tracker'!C4:C23,"Football",'NZ Sports Data Tracker'!H4:H23,"Blocked") -> 3 | G17: =IF(B17=0,"-",C17/B17) -> 0

Sheet Legend & Instructions
A1: How to use this tracker
A3: STATUS VALUES
A4: Not Started | B4: You haven't begun accessing or integrating this data source yet
A5: In Progress | B5: You are currently accessing, downloading or integrating this source
A6: Completed | B6: Data from this source is successfully integrated into your pipeline or analysis
A7: Blocked | B7: Something is preventing progress — note the blocker in the Notes column
A9: PRIORITY VALUES
A10: High | B10: Core dataset — needed for the main analytics questions
A11: Medium | B11: Useful complement — adds depth but not blocking
A12: Low | B12: Nice to have — explore once high/medium are done
A14: CATEGORY COLOUR CODES
A15: Participation | B15: Sport NZ survey & participation data
A16: Govt Open Data | B16: data.govt.nz, Stats NZ, Ministry of Health
A17: Rugby | B17: All Blacks, Super Rugby, provincial rugby
A18: Cricket | B18: NZ Black Caps, domestic cricket (Super Smash, Plunket)
A19: Football | B19: All Whites, Football Ferns, Wellington Phoenix
A21: WORKFLOW STEPS
A22: 1. Go to the 'NZ Sports Data Tracker' sheet
A23: 2. For each source, click the Status column dropdown and update it
A24: 3. Fill in 'Assigned To' with the team member's name
A25: 4. Set 'Date Started' when you begin and 'Date Completed' when done
A26: 5. Use 'Notes' for API keys, errors, pipeline paths, or blockers
A27: 6. Check 'Summary Dashboard' sheet for live completion stats
A28: 7. Rows will automatically change colour as you update the status
